orb_m,5,5,5,5,5,5,10,10,10,10,10,10,15,15,15,15,15,15,20,20,20,20,20,20,25,25,25,25,25,25,30,30,30,30,30,30
target_R,1,2,3,4,5,6,1,2,3,4,5,6,1,2,3,4,5,6,1,2,3,4,5,6,1,2,3,4,5,6,1,2,3,4,5,6
Date Range,,,,,,,,,,,,,,,,,,,,,,,,,,,,,,,,,,,,
2025-01-02,-1.8533,-1.8533,-1.8533,-1.8533,-1.8533,-1.8533,NaN,NaN,NaN,NaN,NaN,NaN,NaN,NaN,NaN,NaN,NaN,NaN,NaN,NaN,NaN,NaN,NaN,NaN,-1.7420,-1.7420,-1.7420,-1.7420,-1.7420,-1.7420,-1.7420,-1.7420,-1.7420,-1.7420,-1.7420,-1.7420
2025-01-03,-1.9512,-1.9512,-1.9512,-1.9512,-1.9512,-1.9512,-1.8495,-1.8495,-1.8495,-1.8495,-1.8495,-1.8495,-1.8495,-1.8495,-1.8495,-1.8495,-1.8495,-1.8495,-1.8562,-1.8562,-1.8562,-1.8562,-1.8562,-1.8562,-1.8625,-1.8625,-1.8625,-1.8625,-1.8625,-1.8625,-1.9275,-1.9275,-1.9275,-1.9275,-1.9275,-1.9275
2025-01-06,-1.9373,-1.9373,-1.9373,-1.9373,-1.9373,-1.9373,-1.7190,-1.7190,-1.7190,-1.7190,-1.7190,-1.7190,-1.7910,-1.7910,-1.7910,-1.7910,-1.7910,-1.7910,-1.8360,-1.8360,-1.8360,-1.8360,-1.8360,-1.8360,-1.9725,-1.9725,-1.9725,-1.9725,-1.9725,-1.9725,-1.6713,-1.6713,-1.6713,-1.6713,-1.6713,-1.6713
2025-01-07,NaN,NaN,NaN,NaN,NaN,NaN,NaN,NaN,NaN,NaN,NaN,NaN,NaN,NaN,NaN,NaN,NaN,NaN,NaN,NaN,NaN,NaN,NaN,NaN,NaN,NaN,NaN,NaN,NaN,NaN,NaN,NaN,NaN,NaN,NaN,NaN
2025-01-08,-1.9670,-1.9670,-1.9670,-1.9670,-1.9670,-1.9670,-1.7205,-1.7205,-1.7205,-1.7205,-1.7205,-1.7205,NaN,NaN,NaN,NaN,NaN,NaN,NaN,NaN,NaN,NaN,NaN,NaN,NaN,NaN,NaN,NaN,NaN,NaN,NaN,NaN,NaN,NaN,NaN,NaN
2025-01-10,NaN,NaN,NaN,NaN,NaN,NaN,NaN,NaN,NaN,NaN,NaN,NaN,NaN,NaN,NaN,NaN,NaN,NaN,NaN,NaN,NaN,NaN,NaN,NaN,NaN,NaN,NaN,NaN,NaN,NaN,NaN,NaN,NaN,NaN,NaN,NaN
2025-01-13,NaN,NaN,NaN,NaN,NaN,NaN,NaN,NaN,NaN,NaN,NaN,NaN,NaN,NaN,NaN,NaN,NaN,NaN,NaN,NaN,NaN,NaN,NaN,NaN,2.8500,2.8500,2.8500,-0.5880,-0.5880,-0.5880,2.8170,2.8170,2.8170,-0.6210,-0.6210,-0.6210
2025-01-14,-1.7160,-1.7160,-1.7160,-1.7160,-1.7160,-1.7160,-1.7160,-1.7160,-1.7160,-1.7160,-1.7160,-1.7160,-1.8705,-1.8705,-1.8705,-1.8705,-1.8705,-1.8705,-1.9605,-1.9605,-1.9605,-1.9605,-1.9605,-1.9605,NaN,NaN,NaN,NaN,NaN,NaN,NaN,NaN,NaN,NaN,NaN,NaN
2025-01-15,-1.7520,-1.7520,-1.7520,-1.7520,-1.7520,-1.7520,NaN,NaN,NaN,NaN,NaN,NaN,-2.8500,-2.8500,-2.8500,-2.8500,-2.8500,-2.8500,-1.9730,-1.9730,-1.9730,-1.9730,-1.9730,-1.9730,-1.9730,-1.9730,-1.9730,-1.9730,-1.9730,-1.9730,-1.9730,-1.9730,-1.9730,-1.9730,-1.9730,-1.9730
2025-01-16,NaN,NaN,NaN,NaN,NaN,NaN,NaN,NaN,NaN,NaN,NaN,NaN,NaN,NaN,NaN,NaN,NaN,NaN,NaN,NaN,NaN,NaN,NaN,NaN,NaN,NaN,NaN,NaN,NaN,NaN,NaN,NaN,NaN,NaN,NaN,NaN
2025-01-17,NaN,NaN,NaN,NaN,NaN,NaN,NaN,NaN,NaN,NaN,NaN,NaN,NaN,NaN,NaN,NaN,NaN,NaN,NaN,NaN,NaN,NaN,NaN,NaN,NaN,NaN,NaN,NaN,NaN,NaN,NaN,NaN,NaN,NaN,NaN,NaN
2025-01-20,-1.7622,-1.7622,-1.7622,-1.7622,-1.7622,-1.7622,-1.7850,-1.7850,-1.7850,-1.7850,-1.7850,-1.7850,-1.9338,-1.9338,-1.9338,-1.9338,-1.9338,-1.9338,-1.9775,-1.9775,-1.9775,-1.9775,-1.9775,-1.9775,-1.7670,-1.7670,-1.7670,-1.7670,-1.7670,-1.7670,NaN,NaN,NaN,NaN,NaN,NaN
2025-01-21,NaN,NaN,NaN,NaN,NaN,NaN,NaN,NaN,NaN,NaN,NaN,NaN,NaN,NaN,NaN,NaN,NaN,NaN,NaN,NaN,NaN,NaN,NaN,NaN,NaN,NaN,NaN,NaN,NaN,NaN,NaN,NaN,NaN,NaN,NaN,NaN
2025-01-22,1.8655,1.9740,-1.0377,-1.0377,-1.0377,-1.0377,1.3980,1.9770,-1.0905,-1.0905,-1.0905,-1.0905,1.3980,1.9770,-1.0905,-1.0905,-1.0905,-1.0905,1.3980,1.9770,-1.0905,-1.0905,-1.0905,-1.0905,1.3980,1.9770,-1.0905,-1.0905,-1.0905,-1.0905,1.3980,1.9770,-1.0905,-1.0905,-1.0905,-1.0905
2025-01-23,-1.9140,-1.9140,-1.9140,-1.9140,-1.9140,-1.9140,-1.9530,-1.9530,-1.9530,-1.9530,-1.9530,-1.9530,-1.9530,-1.9530,-1.9530,-1.9530,-1.9530,-1.9530,2.4465,2.4465,-1.3755,-1.3755,-1.3755,-1.3755,-1.9915,-1.9915,-1.9915,-1.9915,-1.9915,-1.9915,1.9740,1.9740,-1.3020,-1.3020,-1.3020,-1.3020
2025-01-24,NaN,NaN,NaN,NaN,NaN,NaN,NaN,NaN,NaN,NaN,NaN,NaN,-1.9023,-1.9023,-1.9023,-1.9023,-1.9023,-1.9023,-1.9023,-1.9023,-1.9023,-1.9023,-1.9023,-1.9023,-1.7955,-1.7955,-1.7955,-1.7955,-1.7955,-1.7955,-1.7955,-1.7955,-1.7955,-1.7955,-1.7955,-1.7955
2025-01-27,1.1013,-1.8300,-1.8300,-1.8300,-1.8300,-1.8300,-1.7843,-1.7843,-1.7843,-1.7843,-1.7843,-1.7843,-1.7843,-1.7843,-1.7843,-1.7843,-1.7843,-1.7843,-1.7843,-1.7843,-1.7843,-1.7843,-1.7843,-1.7843,-1.7843,-1.7843,-1.7843,-1.7843,-1.7843,-1.7843,-1.7843,-1.7843,-1.7843,-1.7843,-1.7843,-1.7843
2025-01-28,NaN,NaN,NaN,NaN,NaN,NaN,NaN,NaN,NaN,NaN,NaN,NaN,NaN,NaN,NaN,NaN,NaN,NaN,NaN,NaN,NaN,NaN,NaN,NaN,NaN,NaN,NaN,NaN,NaN,NaN,NaN,NaN,NaN,NaN,NaN,NaN
2025-01-29,NaN,NaN,NaN,NaN,NaN,NaN,NaN,NaN,NaN,NaN,NaN,NaN,NaN,NaN,NaN,NaN,NaN,NaN,NaN,NaN,NaN,NaN,NaN,NaN,NaN,NaN,NaN,NaN,NaN,NaN,NaN,NaN,NaN,NaN,NaN,NaN
2025-01-30,NaN,NaN,NaN,NaN,NaN,NaN,1.6170,-1.8105,-1.8105,-1.8105,-1.8105,-1.8105,1.6170,-1.8105,-1.8105,-1.8105,-1.8105,-1.8105,1.6170,-1.8105,-1.8105,-1.8105,-1.8105,-1.8105,1.6170,-1.8105,-1.8105,-1.8105,-1.8105,-1.8105,1.3920,-1.9755,-1.9755,-1.9755,-1.9755,-1.9755
2025-01-31,1.5225,1.8540,-1.8540,-1.8540,-1.8540,-1.8540,1.5225,1.8540,-1.8540,-1.8540,-1.8540,-1.8540,1.5225,1.8540,-1.8540,-1.8540,-1.8540,-1.8540,1.5225,1.8540,-1.8540,-1.8540,-1.8540,-1.8540,1.5225,1.8540,-1.8540,-1.8540,-1.8540,-1.8540,1.5225,1.8540,-1.8540,-1.8540,-1.8540,-1.8540
2025-02-03,1.2600,-1.8030,-1.8030,-1.8030,-1.8030,-1.8030,1.2600,-1.8345,-1.8345,-1.8345,-1.8345,-1.8345,1.1385,-1.8630,-1.8630,-1.8630,-1.8630,-1.8630,-2.1612,-2.1612,-2.1612,-2.1612,-2.1612,-2.1612,-2.1612,-2.1612,-2.1612,-2.1612,-2.1612,-2.1612,NaN,NaN,NaN,NaN,NaN,NaN
2025-02-04,0.9433,3.0993,3.0993,-0.1435,-0.1435,-0.1435,0.9861,2.8157,-0.4270,-0.4270,-0.4270,-0.4270,0.8925,2.3265,-0.4530,-0.4530,-0.4530,-0.4530,1.7425,1.7425,-0.5738,-0.5738,-0.5738,-0.5738,1.7425,1.7425,-0.5738,-0.5738,-0.5738,-0.5738,1.6700,-0.6462,-0.6462,-0.6462,-0.6462,-0.6462
2025-02-05,-1.7710,-1.7710,-1.7710,-1.7710,-1.7710,-1.7710,-1.8970,-1.8970,-1.8970,-1.8970,-1.8970,-1.8970,-1.9670,-1.9670,-1.9670,-1.9670,-1.9670,-1.9670,-1.8000,-1.8000,-1.8000,-1.8000,-1.8000,-1.8000,-1.8000,-1.8000,-1.8000,-1.8000,-1.8000,-1.8000,-1.8000,-1.8000,-1.8000,-1.8000,-1.8000,-1.8000
2025-02-06,2.1280,2.1280,-1.8042,-1.8042,-1.8042,-1.8042,1.9390,1.9390,-1.8742,-1.8742,-1.8742,-1.8742,1.9390,1.9390,-1.8742,-1.8742,-1.8742,-1.8742,1.9390,1.9390,-1.8742,-1.8742,-1.8742,-1.8742,1.9390,1.9390,-1.8742,-1.8742,-1.8742,-1.8742,1.5300,-1.8705,-1.8705,-1.8705,-1.8705,-1.8705
2025-02-07,-1.8555,-1.8555,-1.8555,-1.8555,-1.8555,-1.8555,-1.9005,-1.9005,-1.9005,-1.9005,-1.9005,-1.9005,-1.9005,-1.9005,-1.9005,-1.9005,-1.9005,-1.9005,-1.9005,-1.9005,-1.9005,-1.9005,-1.9005,-1.9005,NaN,NaN,NaN,NaN,NaN,NaN,NaN,NaN,NaN,NaN,NaN,NaN
2025-02-10,NaN,NaN,NaN,NaN,NaN,NaN,-3.3145,-3.3145,-3.3145,-3.3145,-3.3145,-3.3145,-3.3145,-3.3145,-3.3145,-3.3145,-3.3145,-3.3145,-1.5180,-1.5180,-1.5180,-1.5180,-1.5180,-1.5180,-1.5180,-1.5180,-1.5180,-1.5180,-1.5180,-1.5180,-1.5180,-1.5180,-1.5180,-1.5180,-1.5180,-1.5180
2025-02-11,1.9477,1.9477,0.5827,0.5827,0.5827,0.5827,1.4475,0.2775,0.2775,0.2775,0.2775,0.2775,NaN,NaN,NaN,NaN,NaN,NaN,NaN,NaN,NaN,NaN,NaN,NaN,NaN,NaN,NaN,NaN,NaN,NaN,NaN,NaN,NaN,NaN,NaN,NaN
2025-02-12,2.0143,2.0143,3.3495,0.0595,0.0595,0.0595,1.6410,1.9545,2.7855,-0.0345,-0.0345,-0.0345,1.5870,1.9005,-0.0885,-0.0885,-0.0885,-0.0885,1.5765,1.8900,-0.0990,-0.0990,-0.0990,-0.0990,1.3785,2.0220,-0.2970,-0.2970,-0.2970,-0.2970,-0.9945,-0.9945,-0.9945,-0.9945,-0.9945,-0.9945
2025-02-13,-1.7670,-1.7670,-1.7670,-1.7670,-1.7670,-1.7670,-1.9410,-1.9410,-1.9410,-1.9410,-1.9410,-1.9410,NaN,NaN,NaN,NaN,NaN,NaN,-2.3825,-2.3825,-2.3825,-2.3825,-2.3825,-2.3825,-2.3825,-2.3825,-2.3825,-2.3825,-2.3825,-2.3825,-2.3825,-2.3825,-2.3825,-2.3825,-2.3825,-2.3825
2025-02-14,NaN,NaN,NaN,NaN,NaN,NaN,NaN,NaN,NaN,NaN,NaN,NaN,NaN,NaN,NaN,NaN,NaN,NaN,NaN,NaN,NaN,NaN,NaN,NaN,NaN,NaN,NaN,NaN,NaN,NaN,NaN,NaN,NaN,NaN,NaN,NaN
2025-02-17,NaN,NaN,NaN,NaN,NaN,NaN,NaN,NaN,NaN,NaN,NaN,NaN,NaN,NaN,NaN,NaN,NaN,NaN,-1.6485,-1.6485,-1.6485,-1.6485,-1.6485,-1.6485,-1.6485,-1.6485,-1.6485,-1.6485,-1.6485,-1.6485,-1.6485,-1.6485,-1.6485,-1.6485,-1.6485,-1.6485
2025-02-18,-1.5000,-1.5000,-1.5000,-1.5000,-1.5000,-1.5000,NaN,NaN,NaN,NaN,NaN,NaN,NaN,NaN,NaN,NaN,NaN,NaN,NaN,NaN,NaN,NaN,NaN,NaN,NaN,NaN,NaN,NaN,NaN,NaN,NaN,NaN,NaN,NaN,NaN,NaN
2025-02-19,4.2750,4.2750,4.2750,4.2750,4.2750,4.2750,-1.7190,-1.7190,-1.7190,-1.7190,-1.7190,-1.7190,NaN,NaN,NaN,NaN,NaN,NaN,NaN,NaN,NaN,NaN,NaN,NaN,NaN,NaN,NaN,NaN,NaN,NaN,NaN,NaN,NaN,NaN,NaN,NaN
2025-02-20,NaN,NaN,NaN,NaN,NaN,NaN,NaN,NaN,NaN,NaN,NaN,NaN,NaN,NaN,NaN,NaN,NaN,NaN,NaN,NaN,NaN,NaN,NaN,NaN,NaN,NaN,NaN,NaN,NaN,NaN,NaN,NaN,NaN,NaN,NaN,NaN
2025-02-21,NaN,NaN,NaN,NaN,NaN,NaN,NaN,NaN,NaN,NaN,NaN,NaN,NaN,NaN,NaN,NaN,NaN,NaN,NaN,NaN,NaN,NaN,NaN,NaN,NaN,NaN,NaN,NaN,NaN,NaN,NaN,NaN,NaN,NaN,NaN,NaN
2025-02-24,NaN,NaN,NaN,NaN,NaN,NaN,NaN,NaN,NaN,NaN,NaN,NaN,NaN,NaN,NaN,NaN,NaN,NaN,NaN,NaN,NaN,NaN,NaN,NaN,NaN,NaN,NaN,NaN,NaN,NaN,NaN,NaN,NaN,NaN,NaN,NaN
2025-02-25,NaN,NaN,NaN,NaN,NaN,NaN,NaN,NaN,NaN,NaN,NaN,NaN,NaN,NaN,NaN,NaN,NaN,NaN,NaN,NaN,NaN,NaN,NaN,NaN,NaN,NaN,NaN,NaN,NaN,NaN,NaN,NaN,NaN,NaN,NaN,NaN
2025-02-26,NaN,NaN,NaN,NaN,NaN,NaN,NaN,NaN,NaN,NaN,NaN,NaN,-1.5188,-1.5188,-1.5188,-1.5188,-1.5188,-1.5188,-1.5188,-1.5188,-1.5188,-1.5188,-1.5188,-1.5188,-1.5188,-1.5188,-1.5188,-1.5188,-1.5188,-1.5188,-1.5188,-1.5188,-1.5188,-1.5188,-1.5188,-1.5188
2025-02-27,-1.9940,-1.9940,-1.9940,-1.9940,-1.9940,-1.9940,NaN,NaN,NaN,NaN,NaN,NaN,NaN,NaN,NaN,NaN,NaN,NaN,NaN,NaN,NaN,NaN,NaN,NaN,NaN,NaN,NaN,NaN,NaN,NaN,NaN,NaN,NaN,NaN,NaN,NaN
2025-02-28,NaN,NaN,NaN,NaN,NaN,NaN,1.1962,1.7988,0.6000,0.6000,0.6000,0.6000,1.1338,1.9050,0.5375,0.5375,0.5375,0.5375,1.1338,1.9050,0.5375,0.5375,0.5375,0.5375,1.1338,1.9050,0.5375,0.5375,0.5375,0.5375,-1.7260,-1.7260,-1.7260,-1.7260,-1.7260,-1.7260
2025-03-03,-1.8865,-1.8865,-1.8865,-1.8865,-1.8865,-1.8865,NaN,NaN,NaN,NaN,NaN,NaN,NaN,NaN,NaN,NaN,NaN,NaN,NaN,NaN,NaN,NaN,NaN,NaN,NaN,NaN,NaN,NaN,NaN,NaN,NaN,NaN,NaN,NaN,NaN,NaN
2025-03-04,NaN,NaN,NaN,NaN,NaN,NaN,1.5315,-1.8480,-1.8480,-1.8480,-1.8480,-1.8480,0.9925,-1.8237,-1.8237,-1.8237,-1.8237,-1.8237,-2.3287,-2.3287,-2.3287,-2.3287,-2.3287,-2.3287,-1.6897,-1.6897,-1.6897,-1.6897,-1.6897,-1.6897,-1.6897,-1.6897,-1.6897,-1.6897,-1.6897,-1.6897
2025-03-05,NaN,NaN,NaN,NaN,NaN,NaN,NaN,NaN,NaN,NaN,NaN,NaN,NaN,NaN,NaN,NaN,NaN,NaN,-1.7362,-1.7362,-1.7362,-1.7362,-1.7362,-1.7362,-1.7587,-1.7587,-1.7587,-1.7587,-1.7587,-1.7587,NaN,NaN,NaN,NaN,NaN,NaN
2025-03-06,-3.0257,-3.0257,-3.0257,-3.0257,-3.0257,-3.0257,NaN,NaN,NaN,NaN,NaN,NaN,0.9630,-1.8420,-1.8420,-1.8420,-1.8420,-1.8420,0.9630,-1.8420,-1.8420,-1.8420,-1.8420,-1.8420,0.9630,-1.8420,-1.8420,-1.8420,-1.8420,-1.8420,0.9630,-1.8420,-1.8420,-1.8420,-1.8420,-1.8420
2025-03-07,0.9538,-1.9075,-1.9075,-1.9075,-1.9075,-1.9075,-1.7595,-1.7595,-1.7595,-1.7595,-1.7595,-1.7595,-1.8930,-1.8930,-1.8930,-1.8930,-1.8930,-1.8930,-1.8930,-1.8930,-1.8930,-1.8930,-1.8930,-1.8930,-1.7475,-1.7475,-1.7475,-1.7475,-1.7475,-1.7475,-1.9050,-1.9050,-1.9050,-1.9050,-1.9050,-1.9050
2025-03-10,NaN,NaN,NaN,NaN,NaN,NaN,-1.9050,-1.9050,-1.9050,-1.9050,-1.9050,-1.9050,-1.9050,-1.9050,-1.9050,-1.9050,-1.9050,-1.9050,-1.9050,-1.9050,-1.9050,-1.9050,-1.9050,-1.9050,-1.9050,-1.9050,-1.9050,-1.9050,-1.9050,-1.9050,NaN,NaN,NaN,NaN,NaN,NaN
2025-03-11,NaN,NaN,NaN,NaN,NaN,NaN,4.6585,4.6585,4.6585,4.6585,-1.9582,-1.9582,3.7860,3.7860,3.7860,3.7860,-1.8255,-1.8255,2.9125,2.9125,2.9125,-1.8138,-1.8138,-1.8138,2.8938,2.8938,2.8938,-1.8325,-1.8325,-1.8325,2.8938,2.8938,2.8938,-1.8325,-1.8325,-1.8325
2025-03-12,1.7763,-1.8865,-1.8865,-1.8865,-1.8865,-1.8865,-2.5680,-2.5680,-2.5680,-2.5680,-2.5680,-2.5680,-2.5680,-2.5680,-2.5680,-2.5680,-2.5680,-2.5680,-2.5680,-2.5680,-2.5680,-2.5680,-2.5680,-2.5680,NaN,NaN,NaN,NaN,NaN,NaN,NaN,NaN,NaN,NaN,NaN,NaN
2025-03-13,NaN,NaN,NaN,NaN,NaN,NaN,NaN,NaN,NaN,NaN,NaN,NaN,NaN,NaN,NaN,NaN,NaN,NaN,NaN,NaN,NaN,NaN,NaN,NaN,NaN,NaN,NaN,NaN,NaN,NaN,NaN,NaN,NaN,NaN,NaN,NaN
2025-03-14,1.9565,1.9565,-1.8568,-1.8568,-1.8568,-1.8568,1.4610,-1.8075,-1.8075,-1.8075,-1.8075,-1.8075,NaN,NaN,NaN,NaN,NaN,NaN,NaN,NaN,NaN,NaN,NaN,NaN,NaN,NaN,NaN,NaN,NaN,NaN,NaN,NaN,NaN,NaN,NaN,NaN
2025-03-17,-3.1900,-3.1900,-3.1900,-3.1900,-3.1900,-3.1900,-1.8490,-1.8490,-1.8490,-1.8490,-1.8490,-1.8490,-1.5232,-1.5232,-1.5232,-1.5232,-1.5232,-1.5232,-1.5803,-1.5803,-1.5803,-1.5803,-1.5803,-1.5803,-1.5803,-1.5803,-1.5803,-1.5803,-1.5803,-1.5803,NaN,NaN,NaN,NaN,NaN,NaN
2025-03-18,NaN,NaN,NaN,NaN,NaN,NaN,-2.8858,-2.8858,-2.8858,-2.8858,-2.8858,-2.8858,NaN,NaN,NaN,NaN,NaN,NaN,NaN,NaN,NaN,NaN,NaN,NaN,NaN,NaN,NaN,NaN,NaN,NaN,NaN,NaN,NaN,NaN,NaN,NaN
2025-03-19,-1.8780,-1.8780,-1.8780,-1.8780,-1.8780,-1.8780,NaN,NaN,NaN,NaN,NaN,NaN,NaN,NaN,NaN,NaN,NaN,NaN,NaN,NaN,NaN,NaN,NaN,NaN,NaN,NaN,NaN,NaN,NaN,NaN,1.4715,1.9395,1.2540,1.2540,1.2540,1.2540
2025-03-20,1.5330,2.0790,2.6700,-0.1230,-0.1230,-0.1230,1.3335,2.0055,-0.3225,-0.3225,-0.3225,-0.3225,1.2735,2.1405,-0.3825,-0.3825,-0.3825,-0.3825,0.9912,1.7388,-0.3887,-0.3887,-0.3887,-0.3887,-1.6237,-1.6237,-1.6237,-1.6237,-1.6237,-1.6237,-1.6237,-1.6237,-1.6237,-1.6237,-1.6237,-1.6237
2025-03-21,NaN,NaN,NaN,NaN,NaN,NaN,NaN,NaN,NaN,NaN,NaN,NaN,0.9945,-0.3375,-0.3375,-0.3375,-0.3375,-0.3375,0.9945,-0.3375,-0.3375,-0.3375,-0.3375,-0.3375,0.9945,-0.3375,-0.3375,-0.3375,-0.3375,-0.3375,0.9945,-0.3375,-0.3375,-0.3375,-0.3375,-0.3375
2025-03-24,NaN,NaN,NaN,NaN,NaN,NaN,NaN,NaN,NaN,NaN,NaN,NaN,-0.8382,-0.8382,-0.8382,-0.8382,-0.8382,-0.8382,-0.9380,-0.9380,-0.9380,-0.9380,-0.9380,-0.9380,-0.9380,-0.9380,-0.9380,-0.9380,-0.9380,-0.9380,-1.0815,-1.0815,-1.0815,-1.0815,-1.0815,-1.0815
2025-03-25,NaN,NaN,NaN,NaN,NaN,NaN,-1.7920,-1.7920,-1.7920,-1.7920,-1.7920,-1.7920,-1.7920,-1.7920,-1.7920,-1.7920,-1.7920,-1.7920,NaN,NaN,NaN,NaN,NaN,NaN,NaN,NaN,NaN,NaN,NaN,NaN,-1.4000,-1.4000,-1.4000,-1.4000,-1.4000,-1.4000
2025-03-26,NaN,NaN,NaN,NaN,NaN,NaN,-1.9060,-1.9060,-1.9060,-1.9060,-1.9060,-1.9060,NaN,NaN,NaN,NaN,NaN,NaN,NaN,NaN,NaN,NaN,NaN,NaN,NaN,NaN,NaN,NaN,NaN,NaN,NaN,NaN,NaN,NaN,NaN,NaN
2025-03-27,NaN,NaN,NaN,NaN,NaN,NaN,NaN,NaN,NaN,NaN,NaN,NaN,NaN,NaN,NaN,NaN,NaN,NaN,NaN,NaN,NaN,NaN,NaN,NaN,0.8925,0.0570,0.0570,0.0570,0.0570,0.0570,0.8925,0.0570,0.0570,0.0570,0.0570,0.0570
2025-03-28,NaN,NaN,NaN,NaN,NaN,NaN,-1.8240,-1.8240,-1.8240,-1.8240,-1.8240,-1.8240,-1.8427,-1.8427,-1.8427,-1.8427,-1.8427,-1.8427,-1.8427,-1.8427,-1.8427,-1.8427,-1.8427,-1.8427,NaN,NaN,NaN,NaN,NaN,NaN,NaN,NaN,NaN,NaN,NaN,NaN
2025-03-31,NaN,NaN,NaN,NaN,NaN,NaN,NaN,NaN,NaN,NaN,NaN,NaN,NaN,NaN,NaN,NaN,NaN,NaN,NaN,NaN,NaN,NaN,NaN,NaN,NaN,NaN,NaN,NaN,NaN,NaN,1.0138,2.2150,-0.1975,-0.1975,-0.1975,-0.1975
2025-04-01,-1.9125,-1.9125,-1.9125,-1.9125,-1.9125,-1.9125,NaN,NaN,NaN,NaN,NaN,NaN,-2.5935,-2.5935,-2.5935,-2.5935,-2.5935,-2.5935,-1.7000,-1.7000,-1.7000,-1.7000,-1.7000,-1.7000,-1.7160,-1.7160,-1.7160,-1.7160,-1.7160,-1.7160,-1.7160,-1.7160,-1.7160,-1.7160,-1.7160,-1.7160
2025-04-02,0.9340,1.8680,2.8280,3.7880,2.0000,2.0000,0.9390,1.8300,0.9720,0.9720,0.9720,0.9720,0.9538,1.9175,0.5225,0.5225,0.5225,0.5225,0.9775,0.4600,0.4600,0.4600,0.4600,0.4600,0.9988,0.4250,0.4250,0.4250,0.4250,0.4250,0.8380,0.2440,0.2440,0.2440,0.2440,0.2440
2025-04-03,-1.8970,-1.8970,-1.8970,-1.8970,-1.8970,-1.8970,NaN,NaN,NaN,NaN,NaN,NaN,NaN,NaN,NaN,NaN,NaN,NaN,NaN,NaN,NaN,NaN,NaN,NaN,NaN,NaN,NaN,NaN,NaN,NaN,NaN,NaN,NaN,NaN,NaN,NaN
2025-04-04,NaN,NaN,NaN,NaN,NaN,NaN,NaN,NaN,NaN,NaN,NaN,NaN,NaN,NaN,NaN,NaN,NaN,NaN,NaN,NaN,NaN,NaN,NaN,NaN,NaN,NaN,NaN,NaN,NaN,NaN,NaN,NaN,NaN,NaN,NaN,NaN
2025-04-07,-1.8320,-1.8320,-1.8320,-1.8320,-1.8320,-1.8320,NaN,NaN,NaN,NaN,NaN,NaN,NaN,NaN,NaN,NaN,NaN,NaN,NaN,NaN,NaN,NaN,NaN,NaN,NaN,NaN,NaN,NaN,NaN,NaN,0.8855,1.7710,2.6565,3.5420,4.4275,2.1450
2025-04-08,-1.8120,-1.8120,-1.8120,-1.8120,-1.8120,-1.8120,NaN,NaN,NaN,NaN,NaN,NaN,1.6860,-1.8585,-1.8585,-1.8585,-1.8585,-1.8585,1.6860,-1.8585,-1.8585,-1.8585,-1.8585,-1.8585,1.6860,-1.8585,-1.8585,-1.8585,-1.8585,-1.8585,1.6860,-1.8585,-1.8585,-1.8585,-1.8585,-1.8585
2025-04-09,-1.9665,-1.9665,-1.9665,-1.9665,-1.9665,-1.9665,1.0020,1.8345,2.7517,6.3600,6.3600,6.3600,1.0020,1.8345,2.7517,6.3600,6.3600,6.3600,-1.9770,-1.9770,-1.9770,-1.9770,-1.9770,-1.9770,0.9760,3.5110,3.5110,3.9040,4.8800,5.8790,0.9760,3.5110,3.5110,3.9040,4.8800,5.8790
2025-04-10,-1.7780,-1.7780,-1.7780,-1.7780,-1.7780,-1.7780,NaN,NaN,NaN,NaN,NaN,NaN,NaN,NaN,NaN,NaN,NaN,NaN,NaN,NaN,NaN,NaN,NaN,NaN,NaN,NaN,NaN,NaN,NaN,NaN,NaN,NaN,NaN,NaN,NaN,NaN
2025-04-11,0.9060,-1.7805,-1.7805,-1.7805,-1.7805,-1.7805,0.9060,-1.7805,-1.7805,-1.7805,-1.7805,-1.7805,0.9060,-1.7805,-1.7805,-1.7805,-1.7805,-1.7805,-1.7712,-1.7712,-1.7712,-1.7712,-1.7712,-1.7712,-1.9312,-1.9312,-1.9312,-1.9312,-1.9312,-1.9312,-1.9312,-1.9312,-1.9312,-1.9312,-1.9312,-1.9312
2025-04-14,NaN,NaN,NaN,NaN,NaN,NaN,NaN,NaN,NaN,NaN,NaN,NaN,NaN,NaN,NaN,NaN,NaN,NaN,NaN,NaN,NaN,NaN,NaN,NaN,NaN,NaN,NaN,NaN,NaN,NaN,NaN,NaN,NaN,NaN,NaN,NaN
2025-04-15,-1.8620,-1.8620,-1.8620,-1.8620,-1.8620,-1.8620,-1.8620,-1.8620,-1.8620,-1.8620,-1.8620,-1.8620,-1.9547,-1.9547,-1.9547,-1.9547,-1.9547,-1.9547,-1.9547,-1.9547,-1.9547,-1.9547,-1.9547,-1.9547,-1.8735,-1.8735,-1.8735,-1.8735,-1.8735,-1.8735,-1.9290,-1.9290,-1.9290,-1.9290,-1.9290,-1.9290
2025-04-16,-1.8247,-1.8247,-1.8247,-1.8247,-1.8247,-1.8247,-1.9980,-1.9980,-1.9980,-1.9980,-1.9980,-1.9980,-1.8392,-1.8392,-1.8392,-1.8392,-1.8392,-1.8392,NaN,NaN,NaN,NaN,NaN,NaN,NaN,NaN,NaN,NaN,NaN,NaN,NaN,NaN,NaN,NaN,NaN,NaN
2025-04-17,NaN,NaN,NaN,NaN,NaN,NaN,NaN,NaN,NaN,NaN,NaN,NaN,NaN,NaN,NaN,NaN,NaN,NaN,NaN,NaN,NaN,NaN,NaN,NaN,NaN,NaN,NaN,NaN,NaN,NaN,-1.9705,-1.9705,-1.9705,-1.9705,-1.9705,-1.9705
2025-04-21,NaN,NaN,NaN,NaN,NaN,NaN,NaN,NaN,NaN,NaN,NaN,NaN,NaN,NaN,NaN,NaN,NaN,NaN,NaN,NaN,NaN,NaN,NaN,NaN,NaN,NaN,NaN,NaN,NaN,NaN,NaN,NaN,NaN,NaN,NaN,NaN
2025-04-22,-1.8900,-1.8900,-1.8900,-1.8900,-1.8900,-1.8900,0.9923,2.0250,2.9925,0.4343,0.4343,0.4343,0.9923,2.0250,2.9925,0.4343,0.4343,0.4343,0.9170,1.8620,0.0963,0.0963,0.0963,0.0963,0.9720,-0.1995,-0.1995,-0.1995,-0.1995,-0.1995,0.9495,-0.2220,-0.2220,-0.2220,-0.2220,-0.2220
2025-04-23,NaN,NaN,NaN,NaN,NaN,NaN,-1.9005,-1.9005,-1.9005,-1.9005,-1.9005,-1.9005,-1.8625,-1.8625,-1.8625,-1.8625,-1.8625,-1.8625,-1.8625,-1.8625,-1.8625,-1.8625,-1.8625,-1.8625,-1.8625,-1.8625,-1.8625,-1.8625,-1.8625,-1.8625,-1.8625,-1.8625,-1.8625,-1.8625,-1.8625,-1.8625
2025-04-24,-1.8750,-1.8750,-1.8750,-1.8750,-1.8750,-1.8750,1.0823,1.9328,4.2165,4.2165,3.6675,3.6675,0.9328,1.8042,3.0502,2.6233,2.6233,2.6233,0.9607,2.9785,2.9785,2.5515,2.5515,2.5515,0.9060,2.4285,2.0625,2.0625,2.0625,2.0625,1.0680,2.2695,1.9035,1.9035,1.9035,1.9035
2025-04-25,NaN,NaN,NaN,NaN,NaN,NaN,-1.8988,-1.8988,-1.8988,-1.8988,-1.8988,-1.8988,NaN,NaN,NaN,NaN,NaN,NaN,NaN,NaN,NaN,NaN,NaN,NaN,NaN,NaN,NaN,NaN,NaN,NaN,NaN,NaN,NaN,NaN,NaN,NaN
2025-04-28,NaN,NaN,NaN,NaN,NaN,NaN,-1.9200,-1.9200,-1.9200,-1.9200,-1.9200,-1.9200,-1.9200,-1.9200,-1.9200,-1.9200,-1.9200,-1.9200,-1.9897,-1.9897,-1.9897,-1.9897,-1.9897,-1.9897,-2.1615,-2.1615,-2.1615,-2.1615,-2.1615,-2.1615,-2.1615,-2.1615,-2.1615,-2.1615,-2.1615,-2.1615
2025-04-29,NaN,NaN,NaN,NaN,NaN,NaN,NaN,NaN,NaN,NaN,NaN,NaN,1.8760,1.8760,-0.2188,-0.2188,-0.2188,-0.2188,1.8603,-0.2345,-0.2345,-0.2345,-0.2345,-0.2345,1.3815,-0.4140,-0.4140,-0.4140,-0.4140,-0.4140,1.3230,-0.4725,-0.4725,-0.4725,-0.4725,-0.4725
2025-04-30,-1.9215,-1.9215,-1.9215,-1.9215,-1.9215,-1.9215,-1.7517,-1.7517,-1.7517,-1.7517,-1.7517,-1.7517,NaN,NaN,NaN,NaN,NaN,NaN,-2.1750,-2.1750,-2.1750,-2.1750,-2.1750,-2.1750,NaN,NaN,NaN,NaN,NaN,NaN,NaN,NaN,NaN,NaN,NaN,NaN
2025-05-01,NaN,NaN,NaN,NaN,NaN,NaN,NaN,NaN,NaN,NaN,NaN,NaN,NaN,NaN,NaN,NaN,NaN,NaN,NaN,NaN,NaN,NaN,NaN,NaN,NaN,NaN,NaN,NaN,NaN,NaN,NaN,NaN,NaN,NaN,NaN,NaN
2025-05-02,-1.8200,-1.8200,-1.8200,-1.8200,-1.8200,-1.8200,NaN,NaN,NaN,NaN,NaN,NaN,NaN,NaN,NaN,NaN,NaN,NaN,NaN,NaN,NaN,NaN,NaN,NaN,NaN,NaN,NaN,NaN,NaN,NaN,NaN,NaN,NaN,NaN,NaN,NaN
2025-05-05,1.4600,-1.7840,-1.7840,-1.7840,-1.7840,-1.7840,1.3780,-1.9680,-1.9680,-1.9680,-1.9680,-1.9680,NaN,NaN,NaN,NaN,NaN,NaN,NaN,NaN,NaN,NaN,NaN,NaN,NaN,NaN,NaN,NaN,NaN,NaN,NaN,NaN,NaN,NaN,NaN,NaN
2025-05-06,-1.8000,-1.8000,-1.8000,-1.8000,-1.8000,-1.8000,-1.8077,-1.8077,-1.8077,-1.8077,-1.8077,-1.8077,-1.8830,-1.8830,-1.8830,-1.8830,-1.8830,-1.8830,-1.8882,-1.8882,-1.8882,-1.8882,-1.8882,-1.8882,NaN,NaN,NaN,NaN,NaN,NaN,NaN,NaN,NaN,NaN,NaN,NaN
2025-05-07,-1.9380,-1.9380,-1.9380,-1.9380,-1.9380,-1.9380,-1.9380,-1.9380,-1.9380,-1.9380,-1.9380,-1.9380,-1.9380,-1.9380,-1.9380,-1.9380,-1.9380,-1.9380,-1.9700,-1.9700,-1.9700,-1.9700,-1.9700,-1.9700,-1.9700,-1.9700,-1.9700,-1.9700,-1.9700,-1.9700,-1.8865,-1.8865,-1.8865,-1.8865,-1.8865,-1.8865
2025-05-08,NaN,NaN,NaN,NaN,NaN,NaN,NaN,NaN,NaN,NaN,NaN,NaN,NaN,NaN,NaN,NaN,NaN,NaN,NaN,NaN,NaN,NaN,NaN,NaN,NaN,NaN,NaN,NaN,NaN,NaN,NaN,NaN,NaN,NaN,NaN,NaN
2025-05-09,-1.9688,-1.9688,-1.9688,-1.9688,-1.9688,-1.9688,-1.8700,-1.8700,-1.8700,-1.8700,-1.8700,-1.8700,NaN,NaN,NaN,NaN,NaN,NaN,NaN,NaN,NaN,NaN,NaN,NaN,NaN,NaN,NaN,NaN,NaN,NaN,-2.7160,-2.7160,-2.7160,-2.7160,-2.7160,-2.7160
2025-05-12,NaN,NaN,NaN,NaN,NaN,NaN,NaN,NaN,NaN,NaN,NaN,NaN,NaN,NaN,NaN,NaN,NaN,NaN,NaN,NaN,NaN,NaN,NaN,NaN,NaN,NaN,NaN,NaN,NaN,NaN,NaN,NaN,NaN,NaN,NaN,NaN
2025-05-13,2.2172,2.2172,2.7422,0.6598,0.6598,0.6598,2.0230,2.0230,0.4655,0.4655,0.4655,0.4655,1.6680,2.1180,0.3330,0.3330,0.3330,0.3330,1.5870,2.0370,0.2520,0.2520,0.2520,0.2520,1.5120,1.9620,0.1770,0.1770,0.1770,0.1770,1.5120,1.9620,0.1770,0.1770,0.1770,0.1770
2025-05-14,-1.8330,-1.8330,-1.8330,-1.8330,-1.8330,-1.8330,NaN,NaN,NaN,NaN,NaN,NaN,NaN,NaN,NaN,NaN,NaN,NaN,NaN,NaN,NaN,NaN,NaN,NaN,NaN,NaN,NaN,NaN,NaN,NaN,NaN,NaN,NaN,NaN,NaN,NaN
2025-05-15,NaN,NaN,NaN,NaN,NaN,NaN,NaN,NaN,NaN,NaN,NaN,NaN,NaN,NaN,NaN,NaN,NaN,NaN,NaN,NaN,NaN,NaN,NaN,NaN,NaN,NaN,NaN,NaN,NaN,NaN,0.9300,3.6000,3.6000,-0.9450,-0.9450,-0.9450
2025-05-16,NaN,NaN,NaN,NaN,NaN,NaN,NaN,NaN,NaN,NaN,NaN,NaN,NaN,NaN,NaN,NaN,NaN,NaN,NaN,NaN,NaN,NaN,NaN,NaN,NaN,NaN,NaN,NaN,NaN,NaN,NaN,NaN,NaN,NaN,NaN,NaN
2025-05-19,2.0440,2.0440,3.5403,0.0892,0.0892,0.0892,2.0440,2.0440,3.5403,0.0892,0.0892,0.0892,1.4490,2.7315,-0.2265,-0.2265,-0.2265,-0.2265,1.3200,2.6025,-0.3555,-0.3555,-0.3555,-0.3555,1.0525,2.1212,-0.3438,-0.3438,-0.3438,-0.3438,-0.9930,-0.9930,-0.9930,-0.9930,-0.9930,-0.9930
2025-05-20,NaN,NaN,NaN,NaN,NaN,NaN,-1.9180,-1.9180,-1.9180,-1.9180,-1.9180,-1.9180,NaN,NaN,NaN,NaN,NaN,NaN,NaN,NaN,NaN,NaN,NaN,NaN,NaN,NaN,NaN,NaN,NaN,NaN,NaN,NaN,NaN,NaN,NaN,NaN
2025-05-21,-1.8380,-1.8380,-1.8380,-1.8380,-1.8380,-1.8380,-1.9220,-1.9220,-1.9220,-1.9220,-1.9220,-1.9220,-1.9220,-1.9220,-1.9220,-1.9220,-1.9220,-1.9220,-1.9220,-1.9220,-1.9220,-1.9220,-1.9220,-1.9220,-1.9220,-1.9220,-1.9220,-1.9220,-1.9220,-1.9220,-1.9220,-1.9220,-1.9220,-1.9220,-1.9220,-1.9220
2025-05-22,-1.9680,-1.9680,-1.9680,-1.9680,-1.9680,-1.9680,NaN,NaN,NaN,NaN,NaN,NaN,-2.5590,-2.5590,-2.5590,-2.5590,-2.5590,-2.5590,-2.5590,-2.5590,-2.5590,-2.5590,-2.5590,-2.5590,-2.5590,-2.5590,-2.5590,-2.5590,-2.5590,-2.5590,-2.5590,-2.5590,-2.5590,-2.5590,-2.5590,-2.5590
2025-05-23,0.9021,1.1970,1.1970,1.1970,1.1970,1.1970,0.9045,0.7515,0.7515,0.7515,0.7515,0.7515,0.4688,0.4688,0.4688,0.4688,0.4688,0.4688,0.4688,0.4688,0.4688,0.4688,0.4688,0.4688,0.4688,0.4688,0.4688,0.4688,0.4688,0.4688,0.4688,0.4688,0.4688,0.4688,0.4688,0.4688
2025-05-26,-1.7535,-1.7535,-1.7535,-1.7535,-1.7535,-1.7535,NaN,NaN,NaN,NaN,NaN,NaN,NaN,NaN,NaN,NaN,NaN,NaN,NaN,NaN,NaN,NaN,NaN,NaN,NaN,NaN,NaN,NaN,NaN,NaN,NaN,NaN,NaN,NaN,NaN,NaN
2025-05-27,NaN,NaN,NaN,NaN,NaN,NaN,NaN,NaN,NaN,NaN,NaN,NaN,1.8510,1.8510,1.0395,1.0395,1.0395,1.0395,1.8510,1.8510,1.0395,1.0395,1.0395,1.0395,1.8510,1.8510,1.0395,1.0395,1.0395,1.0395,1.8240,1.8240,1.0125,1.0125,1.0125,1.0125
2025-05-28,-1.9880,-1.9880,-1.9880,-1.9880,-1.9880,-1.9880,-1.7902,-1.7902,-1.7902,-1.7902,-1.7902,-1.7902,-1.7385,-1.7385,-1.7385,-1.7385,-1.7385,-1.7385,NaN,NaN,NaN,NaN,NaN,NaN,NaN,NaN,NaN,NaN,NaN,NaN,NaN,NaN,NaN,NaN,NaN,NaN
2025-05-29,NaN,NaN,NaN,NaN,NaN,NaN,NaN,NaN,NaN,NaN,NaN,NaN,NaN,NaN,NaN,NaN,NaN,NaN,NaN,NaN,NaN,NaN,NaN,NaN,NaN,NaN,NaN,NaN,NaN,NaN,NaN,NaN,NaN,NaN,NaN,NaN
2025-05-30,NaN,NaN,NaN,NaN,NaN,NaN,NaN,NaN,NaN,NaN,NaN,NaN,NaN,NaN,NaN,NaN,NaN,NaN,NaN,NaN,NaN,NaN,NaN,NaN,NaN,NaN,NaN,NaN,NaN,NaN,NaN,NaN,NaN,NaN,NaN,NaN
2025-06-02,-1.8350,-1.8350,-1.8350,-1.8350,-1.8350,-1.8350,-1.8350,-1.8350,-1.8350,-1.8350,-1.8350,-1.8350,-1.8350,-1.8350,-1.8350,-1.8350,-1.8350,-1.8350,-1.8350,-1.8350,-1.8350,-1.8350,-1.8350,-1.8350,-1.8350,-1.8350,-1.8350,-1.8350,-1.8350,-1.8350,-1.8350,-1.8350,-1.8350,-1.8350,-1.8350,-1.8350
2025-06-03,NaN,NaN,NaN,NaN,NaN,NaN,NaN,NaN,NaN,NaN,NaN,NaN,1.5000,1.7910,0.7230,0.7230,0.7230,0.7230,1.5000,1.7910,0.7230,0.7230,0.7230,0.7230,1.5000,1.7910,0.7230,0.7230,0.7230,0.7230,1.5000,1.7910,0.7230,0.7230,0.7230,0.7230
2025-06-04,-1.7728,-1.7728,-1.7728,-1.7728,-1.7728,-1.7728,-1.8777,-1.8777,-1.8777,-1.8777,-1.8777,-1.8777,-1.7670,-1.7670,-1.7670,-1.7670,-1.7670,-1.7670,-1.7745,-1.7745,-1.7745,-1.7745,-1.7745,-1.7745,NaN,NaN,NaN,NaN,NaN,NaN,NaN,NaN,NaN,NaN,NaN,NaN
2025-06-05,NaN,NaN,NaN,NaN,NaN,NaN,NaN,NaN,NaN,NaN,NaN,NaN,NaN,NaN,NaN,NaN,NaN,NaN,NaN,NaN,NaN,NaN,NaN,NaN,NaN,NaN,NaN,NaN,NaN,NaN,NaN,NaN,NaN,NaN,NaN,NaN
2025-06-06,NaN,NaN,NaN,NaN,NaN,NaN,1.4455,-1.9582,-1.9582,-1.9582,-1.9582,-1.9582,1.4455,-1.9582,-1.9582,-1.9582,-1.9582,-1.9582,-2.6070,-2.6070,-2.6070,-2.6070,-2.6070,-2.6070,-1.9450,-1.9450,-1.9450,-1.9450,-1.9450,-1.9450,-1.9450,-1.9450,-1.9450,-1.9450,-1.9450,-1.9450
2025-06-09,NaN,NaN,NaN,NaN,NaN,NaN,NaN,NaN,NaN,NaN,NaN,NaN,NaN,NaN,NaN,NaN,NaN,NaN,1.5420,0.3030,0.3030,0.3030,0.3030,0.3030,1.5420,0.3030,0.3030,0.3030,0.3030,0.3030,1.5420,0.3030,0.3030,0.3030,0.3030,0.3030
2025-06-10,NaN,NaN,NaN,NaN,NaN,NaN,1.4998,-1.9215,-1.9215,-1.9215,-1.9215,-1.9215,1.4998,-1.9215,-1.9215,-1.9215,-1.9215,-1.9215,1.1910,-1.7415,-1.7415,-1.7415,-1.7415,-1.7415,1.1850,-1.7475,-1.7475,-1.7475,-1.7475,-1.7475,1.1850,-1.7475,-1.7475,-1.7475,-1.7475,-1.7475
2025-06-11,NaN,NaN,NaN,NaN,NaN,NaN,NaN,NaN,NaN,NaN,NaN,NaN,NaN,NaN,NaN,NaN,NaN,NaN,NaN,NaN,NaN,NaN,NaN,NaN,NaN,NaN,NaN,NaN,NaN,NaN,NaN,NaN,NaN,NaN,NaN,NaN
2025-06-12,-1.5410,-1.5410,-1.5410,-1.5410,-1.5410,-1.5410,-1.5410,-1.5410,-1.5410,-1.5410,-1.5410,-1.5410,-1.5410,-1.5410,-1.5410,-1.5410,-1.5410,-1.5410,-1.5410,-1.5410,-1.5410,-1.5410,-1.5410,-1.5410,-1.5410,-1.5410,-1.5410,-1.5410,-1.5410,-1.5410,-1.2908,-1.2908,-1.2908,-1.2908,-1.2908,-1.2908
2025-06-13,NaN,NaN,NaN,NaN,NaN,NaN,NaN,NaN,NaN,NaN,NaN,NaN,NaN,NaN,NaN,NaN,NaN,NaN,NaN,NaN,NaN,NaN,NaN,NaN,NaN,NaN,NaN,NaN,NaN,NaN,NaN,NaN,NaN,NaN,NaN,NaN
2025-06-16,-0.6200,-0.6200,-0.6200,-0.6200,-0.6200,-0.6200,-0.6200,-0.6200,-0.6200,-0.6200,-0.6200,-0.6200,-0.6200,-0.6200,-0.6200,-0.6200,-0.6200,-0.6200,-0.6200,-0.6200,-0.6200,-0.6200,-0.6200,-0.6200,-0.6200,-0.6200,-0.6200,-0.6200,-0.6200,-0.6200,-0.6200,-0.6200,-0.6200,-0.6200,-0.6200,-0.6200
2025-06-17,-3.0415,-3.0415,-3.0415,-3.0415,-3.0415,-3.0415,-3.0415,-3.0415,-3.0415,-3.0415,-3.0415,-3.0415,NaN,NaN,NaN,NaN,NaN,NaN,NaN,NaN,NaN,NaN,NaN,NaN,NaN,NaN,NaN,NaN,NaN,NaN,NaN,NaN,NaN,NaN,NaN,NaN
2025-06-18,NaN,NaN,NaN,NaN,NaN,NaN,NaN,NaN,NaN,NaN,NaN,NaN,-1.7870,-1.7870,-1.7870,-1.7870,-1.7870,-1.7870,-1.7870,-1.7870,-1.7870,-1.7870,-1.7870,-1.7870,-1.7870,-1.7870,-1.7870,-1.7870,-1.7870,-1.7870,-1.7870,-1.7870,-1.7870,-1.7870,-1.7870,-1.7870
2025-06-19,-3.5060,-3.5060,-3.5060,-3.5060,-3.5060,-3.5060,NaN,NaN,NaN,NaN,NaN,NaN,NaN,NaN,NaN,NaN,NaN,NaN,NaN,NaN,NaN,NaN,NaN,NaN,NaN,NaN,NaN,NaN,NaN,NaN,NaN,NaN,NaN,NaN,NaN,NaN
2025-06-20,-1.9800,-1.9800,-1.9800,-1.9800,-1.9800,-1.9800,-1.9985,-1.9985,-1.9985,-1.9985,-1.9985,-1.9985,-1.7445,-1.7445,-1.7445,-1.7445,-1.7445,-1.7445,-1.7445,-1.7445,-1.7445,-1.7445,-1.7445,-1.7445,NaN,NaN,NaN,NaN,NaN,NaN,NaN,NaN,NaN,NaN,NaN,NaN
2025-06-23,NaN,NaN,NaN,NaN,NaN,NaN,-1.8420,-1.8420,-1.8420,-1.8420,-1.8420,-1.8420,-1.8420,-1.8420,-1.8420,-1.8420,-1.8420,-1.8420,-1.7038,-1.7038,-1.7038,-1.7038,-1.7038,-1.7038,-1.7038,-1.7038,-1.7038,-1.7038,-1.7038,-1.7038,-1.8713,-1.8713,-1.8713,-1.8713,-1.8713,-1.8713
2025-06-24,-1.8000,-1.8000,-1.8000,-1.8000,-1.8000,-1.8000,-1.7850,-1.7850,-1.7850,-1.7850,-1.7850,-1.7850,-1.8900,-1.8900,-1.8900,-1.8900,-1.8900,-1.8900,1.5873,2.2540,-0.8225,-0.8225,-0.8225,-0.8225,1.5190,2.1857,-0.8908,-0.8908,-0.8908,-0.8908,1.5190,2.1857,-0.8908,-0.8908,-0.8908,-0.8908
2025-06-25,-1.7972,-1.7972,-1.7972,-1.7972,-1.7972,-1.7972,-1.7972,-1.7972,-1.7972,-1.7972,-1.7972,-1.7972,NaN,NaN,NaN,NaN,NaN,NaN,NaN,NaN,NaN,NaN,NaN,NaN,NaN,NaN,NaN,NaN,NaN,NaN,NaN,NaN,NaN,NaN,NaN,NaN
2025-06-26,NaN,NaN,NaN,NaN,NaN,NaN,NaN,NaN,NaN,NaN,NaN,NaN,NaN,NaN,NaN,NaN,NaN,NaN,NaN,NaN,NaN,NaN,NaN,NaN,NaN,NaN,NaN,NaN,NaN,NaN,NaN,NaN,NaN,NaN,NaN,NaN
2025-06-27,-1.7763,-1.7763,-1.7763,-1.7763,-1.7763,-1.7763,-1.7763,-1.7763,-1.7763,-1.7763,-1.7763,-1.7763,-1.9303,-1.9303,-1.9303,-1.9303,-1.9303,-1.9303,-1.9303,-1.9303,-1.9303,-1.9303,-1.9303,-1.9303,-1.9408,-1.9408,-1.9408,-1.9408,-1.9408,-1.9408,-1.9408,-1.9408,-1.9408,-1.9408,-1.9408,-1.9408
2025-06-30,NaN,NaN,NaN,NaN,NaN,NaN,NaN,NaN,NaN,NaN,NaN,NaN,NaN,NaN,NaN,NaN,NaN,NaN,NaN,NaN,NaN,NaN,NaN,NaN,NaN,NaN,NaN,NaN,NaN,NaN,-1.9373,-1.9373,-1.9373,-1.9373,-1.9373,-1.9373
2025-07-01,-1.8940,-1.8940,-1.8940,-1.8940,-1.8940,-1.8940,-1.9160,-1.9160,-1.9160,-1.9160,-1.9160,-1.9160,-1.9160,-1.9160,-1.9160,-1.9160,-1.9160,-1.9160,-1.7850,-1.7850,-1.7850,-1.7850,-1.7850,-1.7850,-1.7850,-1.7850,-1.7850,-1.7850,-1.7850,-1.7850,-1.8462,-1.8462,-1.8462,-1.8462,-1.8462,-1.8462
2025-07-02,NaN,NaN,NaN,NaN,NaN,NaN,1.0000,2.9320,2.9850,-0.5740,-0.5740,-0.5740,1.0080,2.7400,-0.7660,-0.7660,-0.7660,-0.7660,2.3502,2.3502,-0.7175,-0.7175,-0.7175,-0.7175,2.2715,2.2715,-0.7963,-0.7963,-0.7963,-0.7963,1.8690,1.8690,-0.7605,-0.7605,-0.7605,-0.7605
2025-07-03,-1.0220,-1.0220,-1.0220,-1.0220,-1.0220,-1.0220,-1.0220,-1.0220,-1.0220,-1.0220,-1.0220,-1.0220,-1.0220,-1.0220,-1.0220,-1.0220,-1.0220,-1.0220,-1.0220,-1.0220,-1.0220,-1.0220,-1.0220,-1.0220,-1.0220,-1.0220,-1.0220,-1.0220,-1.0220,-1.0220,-1.0220,-1.0220,-1.0220,-1.0220,-1.0220,-1.0220
2025-07-04,NaN,NaN,NaN,NaN,NaN,NaN,-3.7698,-3.7698,-3.7698,-3.7698,-3.7698,-3.7698,-1.7675,-1.7675,-1.7675,-1.7675,-1.7675,-1.7675,-1.7675,-1.7675,-1.7675,-1.7675,-1.7675,-1.7675,-1.7675,-1.7675,-1.7675,-1.7675,-1.7675,-1.7675,-1.7587,-1.7587,-1.7587,-1.7587,-1.7587,-1.7587
2025-07-07,NaN,NaN,NaN,NaN,NaN,NaN,-1.9495,-1.9495,-1.9495,-1.9495,-1.9495,-1.9495,-1.9495,-1.9495,-1.9495,-1.9495,-1.9495,-1.9495,-1.9495,-1.9495,-1.9495,-1.9495,-1.9495,-1.9495,-1.9565,-1.9565,-1.9565,-1.9565,-1.9565,-1.9565,-1.9617,-1.9617,-1.9617,-1.9617,-1.9617,-1.9617
2025-07-08,NaN,NaN,NaN,NaN,NaN,NaN,NaN,NaN,NaN,NaN,NaN,NaN,-1.7657,-1.7657,-1.7657,-1.7657,-1.7657,-1.7657,-1.7657,-1.7657,-1.7657,-1.7657,-1.7657,-1.7657,-1.7657,-1.7657,-1.7657,-1.7657,-1.7657,-1.7657,-1.7657,-1.7657,-1.7657,-1.7657,-1.7657,-1.7657
2025-07-09,2.0317,2.0317,-1.8200,-1.8200,-1.8200,-1.8200,1.8113,1.9600,-1.9267,-1.9267,-1.9267,-1.9267,1.8113,1.9600,-1.9267,-1.9267,-1.9267,-1.9267,1.4445,-1.8420,-1.8420,-1.8420,-1.8420,-1.8420,-2.7270,-2.7270,-2.7270,-2.7270,-2.7270,-2.7270,-1.6823,-1.6823,-1.6823,-1.6823,-1.6823,-1.6823
2025-07-10,NaN,NaN,NaN,NaN,NaN,NaN,NaN,NaN,NaN,NaN,NaN,NaN,NaN,NaN,NaN,NaN,NaN,NaN,NaN,NaN,NaN,NaN,NaN,NaN,NaN,NaN,NaN,NaN,NaN,NaN,NaN,NaN,NaN,NaN,NaN,NaN
2025-07-11,NaN,NaN,NaN,NaN,NaN,NaN,NaN,NaN,NaN,NaN,NaN,NaN,NaN,NaN,NaN,NaN,NaN,NaN,NaN,NaN,NaN,NaN,NaN,NaN,NaN,NaN,NaN,NaN,NaN,NaN,-1.2930,-1.2930,-1.2930,-1.2930,-1.2930,-1.2930
2025-07-14,NaN,NaN,NaN,NaN,NaN,NaN,NaN,NaN,NaN,NaN,NaN,NaN,NaN,NaN,NaN,NaN,NaN,NaN,NaN,NaN,NaN,NaN,NaN,NaN,NaN,NaN,NaN,NaN,NaN,NaN,-0.7850,-0.7850,-0.7850,-0.7850,-0.7850,-0.7850
2025-07-15,NaN,NaN,NaN,NaN,NaN,NaN,NaN,NaN,NaN,NaN,NaN,NaN,NaN,NaN,NaN,NaN,NaN,NaN,NaN,NaN,NaN,NaN,NaN,NaN,NaN,NaN,NaN,NaN,NaN,NaN,NaN,NaN,NaN,NaN,NaN,NaN
2025-07-16,-1.9720,-1.9720,-1.9720,-1.9720,-1.9720,-1.9720,NaN,NaN,NaN,NaN,NaN,NaN,NaN,NaN,NaN,NaN,NaN,NaN,NaN,NaN,NaN,NaN,NaN,NaN,NaN,NaN,NaN,NaN,NaN,NaN,NaN,NaN,NaN,NaN,NaN,NaN
2025-07-17,NaN,NaN,NaN,NaN,NaN,NaN,0.9047,2.6827,-0.6282,-0.6282,-0.6282,-0.6282,0.9047,2.6827,-0.6282,-0.6282,-0.6282,-0.6282,2.4903,2.4903,-0.8207,-0.8207,-0.8207,-0.8207,2.4903,2.4903,-0.8207,-0.8207,-0.8207,-0.8207,2.0280,2.0280,-0.8100,-0.8100,-0.8100,-0.8100
2025-07-18,-3.3688,-3.3688,-3.3688,-3.3688,-3.3688,-3.3688,NaN,NaN,NaN,NaN,NaN,NaN,NaN,NaN,NaN,NaN,NaN,NaN,NaN,NaN,NaN,NaN,NaN,NaN,NaN,NaN,NaN,NaN,NaN,NaN,NaN,NaN,NaN,NaN,NaN,NaN
2025-07-21,2.4290,2.4290,-1.0430,-1.0430,-1.0430,-1.0430,2.3555,2.3555,-1.1165,-1.1165,-1.1165,-1.1165,1.8990,1.8990,-1.0770,-1.0770,-1.0770,-1.0770,1.8360,-1.1400,-1.1400,-1.1400,-1.1400,-1.1400,1.3588,-1.1213,-1.1213,-1.1213,-1.1213,-1.1213,1.3438,-1.1362,-1.1362,-1.1362,-1.1362,-1.1362
2025-07-22,-1.7763,-1.7763,-1.7763,-1.7763,-1.7763,-1.7763,-1.8270,-1.8270,-1.8270,-1.8270,-1.8270,-1.8270,NaN,NaN,NaN,NaN,NaN,NaN,NaN,NaN,NaN,NaN,NaN,NaN,NaN,NaN,NaN,NaN,NaN,NaN,NaN,NaN,NaN,NaN,NaN,NaN
2025-07-23,NaN,NaN,NaN,NaN,NaN,NaN,NaN,NaN,NaN,NaN,NaN,NaN,NaN,NaN,NaN,NaN,NaN,NaN,NaN,NaN,NaN,NaN,NaN,NaN,NaN,NaN,NaN,NaN,NaN,NaN,NaN,NaN,NaN,NaN,NaN,NaN
2025-07-24,NaN,NaN,NaN,NaN,NaN,NaN,NaN,NaN,NaN,NaN,NaN,NaN,NaN,NaN,NaN,NaN,NaN,NaN,NaN,NaN,NaN,NaN,NaN,NaN,NaN,NaN,NaN,NaN,NaN,NaN,NaN,NaN,NaN,NaN,NaN,NaN
2025-07-25,-1.8025,-1.8025,-1.8025,-1.8025,-1.8025,-1.8025,NaN,NaN,NaN,NaN,NaN,NaN,-1.3037,-1.3037,-1.3037,-1.3037,-1.3037,-1.3037,-1.3037,-1.3037,-1.3037,-1.3037,-1.3037,-1.3037,-1.3037,-1.3037,-1.3037,-1.3037,-1.3037,-1.3037,-1.1520,-1.1520,-1.1520,-1.1520,-1.1520,-1.1520
2025-07-28,-1.8130,-1.8130,-1.8130,-1.8130,-1.8130,-1.8130,-1.8130,-1.8130,-1.8130,-1.8130,-1.8130,-1.8130,-1.8130,-1.8130,-1.8130,-1.8130,-1.8130,-1.8130,-1.8130,-1.8130,-1.8130,-1.8130,-1.8130,-1.8130,-1.9688,-1.9688,-1.9688,-1.9688,-1.9688,-1.9688,-1.9688,-1.9688,-1.9688,-1.9688,-1.9688,-1.9688
2025-07-29,-1.9005,-1.9005,-1.9005,-1.9005,-1.9005,-1.9005,-1.9460,-1.9460,-1.9460,-1.9460,-1.9460,-1.9460,-1.7280,-1.7280,-1.7280,-1.7280,-1.7280,-1.7280,NaN,NaN,NaN,NaN,NaN,NaN,NaN,NaN,NaN,NaN,NaN,NaN,NaN,NaN,NaN,NaN,NaN,NaN
2025-07-30,-1.8235,-1.8235,-1.8235,-1.8235,-1.8235,-1.8235,-1.9968,-1.9968,-1.9968,-1.9968,-1.9968,-1.9968,-1.9968,-1.9968,-1.9968,-1.9968,-1.9968,-1.9968,-1.9968,-1.9968,-1.9968,-1.9968,-1.9968,-1.9968,1.3200,-1.8780,-1.8780,-1.8780,-1.8780,-1.8780,1.3200,-1.8780,-1.8780,-1.8780,-1.8780,-1.8780
2025-07-31,NaN,NaN,NaN,NaN,NaN,NaN,NaN,NaN,NaN,NaN,NaN,NaN,NaN,NaN,NaN,NaN,NaN,NaN,NaN,NaN,NaN,NaN,NaN,NaN,NaN,NaN,NaN,NaN,NaN,NaN,NaN,NaN,NaN,NaN,NaN,NaN
2025-08-01,NaN,NaN,NaN,NaN,NaN,NaN,NaN,NaN,NaN,NaN,NaN,NaN,-2.5762,-2.5762,-2.5762,-2.5762,-2.5762,-2.5762,NaN,NaN,NaN,NaN,NaN,NaN,NaN,NaN,NaN,NaN,NaN,NaN,NaN,NaN,NaN,NaN,NaN,NaN
2025-08-04,-1.9670,-1.9670,-1.9670,-1.9670,-1.9670,-1.9670,-1.9670,-1.9670,-1.9670,-1.9670,-1.9670,-1.9670,-1.9670,-1.9670,-1.9670,-1.9670,-1.9670,-1.9670,-1.9670,-1.9670,-1.9670,-1.9670,-1.9670,-1.9670,-1.9670,-1.9670,-1.9670,-1.9670,-1.9670,-1.9670,-1.9670,-1.9670,-1.9670,-1.9670,-1.9670,-1.9670
2025-08-05,-1.9512,-1.9512,-1.9512,-1.9512,-1.9512,-1.9512,-1.9512,-1.9512,-1.9512,-1.9512,-1.9512,-1.9512,-1.9512,-1.9512,-1.9512,-1.9512,-1.9512,-1.9512,-1.8390,-1.8390,-1.8390,-1.8390,-1.8390,-1.8390,NaN,NaN,NaN,NaN,NaN,NaN,NaN,NaN,NaN,NaN,NaN,NaN
2025-08-06,-1.9828,-1.9828,-1.9828,-1.9828,-1.9828,-1.9828,NaN,NaN,NaN,NaN,NaN,NaN,NaN,NaN,NaN,NaN,NaN,NaN,-1.7415,-1.7415,-1.7415,-1.7415,-1.7415,-1.7415,-1.7415,-1.7415,-1.7415,-1.7415,-1.7415,-1.7415,2.0190,2.0190,-0.3150,-0.3150,-0.3150,-0.3150
2025-08-07,-1.9220,-1.9220,-1.9220,-1.9220,-1.9220,-1.9220,-3.2673,-3.2673,-3.2673,-3.2673,-3.2673,-3.2673,NaN,NaN,NaN,NaN,NaN,NaN,NaN,NaN,NaN,NaN,NaN,NaN,NaN,NaN,NaN,NaN,NaN,NaN,NaN,NaN,NaN,NaN,NaN,NaN
2025-08-08,NaN,NaN,NaN,NaN,NaN,NaN,0.9669,2.6513,-0.6667,-0.6667,-0.6667,-0.6667,2.5358,2.5358,-0.7823,-0.7823,-0.7823,-0.7823,2.5358,2.5358,-0.7823,-0.7823,-0.7823,-0.7823,2.0100,2.0100,-0.8340,-0.8340,-0.8340,-0.8340,1.5750,-0.7950,-0.7950,-0.7950,-0.7950,-0.7950
2025-08-11,NaN,NaN,NaN,NaN,NaN,NaN,-1.9740,-1.9740,-1.9740,-1.9740,-1.9740,-1.9740,-1.9740,-1.9740,-1.9740,-1.9740,-1.9740,-1.9740,-1.7175,-1.7175,-1.7175,-1.7175,-1.7175,-1.7175,-1.7430,-1.7430,-1.7430,-1.7430,-1.7430,-1.7430,-1.7430,-1.7430,-1.7430,-1.7430,-1.7430,-1.7430
2025-08-12,-1.9145,-1.9145,-1.9145,-1.9145,-1.9145,-1.9145,-1.7670,-1.7670,-1.7670,-1.7670,-1.7670,-1.7670,-1.8570,-1.8570,-1.8570,-1.8570,-1.8570,-1.8570,-1.8885,-1.8885,-1.8885,-1.8885,-1.8885,-1.8885,-1.9350,-1.9350,-1.9350,-1.9350,-1.9350,-1.9350,NaN,NaN,NaN,NaN,NaN,NaN
2025-08-13,-3.8440,-3.8440,-3.8440,-3.8440,-3.8440,-3.8440,-1.8865,-1.8865,-1.8865,-1.8865,-1.8865,-1.8865,NaN,NaN,NaN,NaN,NaN,NaN,NaN,NaN,NaN,NaN,NaN,NaN,NaN,NaN,NaN,NaN,NaN,NaN,NaN,NaN,NaN,NaN,NaN,NaN
2025-08-14,-1.3230,-1.3230,-1.3230,-1.3230,-1.3230,-1.3230,-1.9075,-1.9075,-1.9075,-1.9075,-1.9075,-1.9075,-1.3635,-1.3635,-1.3635,-1.3635,-1.3635,-1.3635,-1.3635,-1.3635,-1.3635,-1.3635,-1.3635,-1.3635,-1.4310,-1.4310,-1.4310,-1.4310,-1.4310,-1.4310,-1.4685,-1.4685,-1.4685,-1.4685,-1.4685,-1.4685
2025-08-15,-1.7972,-1.7972,-1.7972,-1.7972,-1.7972,-1.7972,-1.7972,-1.7972,-1.7972,-1.7972,-1.7972,-1.7972,NaN,NaN,NaN,NaN,NaN,NaN,NaN,NaN,NaN,NaN,NaN,NaN,NaN,NaN,NaN,NaN,NaN,NaN,NaN,NaN,NaN,NaN,NaN,NaN
2025-08-18,-1.9005,-1.9005,-1.9005,-1.9005,-1.9005,-1.9005,-1.9127,-1.9127,-1.9127,-1.9127,-1.9127,-1.9127,NaN,NaN,NaN,NaN,NaN,NaN,NaN,NaN,NaN,NaN,NaN,NaN,NaN,NaN,NaN,NaN,NaN,NaN,NaN,NaN,NaN,NaN,NaN,NaN
2025-08-19,NaN,NaN,NaN,NaN,NaN,NaN,NaN,NaN,NaN,NaN,NaN,NaN,NaN,NaN,NaN,NaN,NaN,NaN,NaN,NaN,NaN,NaN,NaN,NaN,NaN,NaN,NaN,NaN,NaN,NaN,NaN,NaN,NaN,NaN,NaN,NaN
2025-08-20,-1.9480,-1.9480,-1.9480,-1.9480,-1.9480,-1.9480,NaN,NaN,NaN,NaN,NaN,NaN,NaN,NaN,NaN,NaN,NaN,NaN,NaN,NaN,NaN,NaN,NaN,NaN,NaN,NaN,NaN,NaN,NaN,NaN,NaN,NaN,NaN,NaN,NaN,NaN
2025-08-21,-1.8392,-1.8392,-1.8392,-1.8392,-1.8392,-1.8392,-1.8345,-1.8345,-1.8345,-1.8345,-1.8345,-1.8345,NaN,NaN,NaN,NaN,NaN,NaN,NaN,NaN,NaN,NaN,NaN,NaN,NaN,NaN,NaN,NaN,NaN,NaN,NaN,NaN,NaN,NaN,NaN,NaN
2025-08-22,-1.8340,-1.8340,-1.8340,-1.8340,-1.8340,-1.8340,0.9957,3.5700,3.5700,4.1300,0.6755,0.6755,0.9345,2.8800,2.8800,0.3990,0.3990,0.3990,0.8363,2.2850,2.6850,0.2175,0.2175,0.2175,0.8700,2.1900,2.6650,0.1225,0.1225,0.1225,0.9006,2.1713,0.1037,0.1037,0.1037,0.1037
2025-08-25,NaN,NaN,NaN,NaN,NaN,NaN,-1.2150,-1.2150,-1.2150,-1.2150,-1.2150,-1.2150,-1.2150,-1.2150,-1.2150,-1.2150,-1.2150,-1.2150,-1.2150,-1.2150,-1.2150,-1.2150,-1.2150,-1.2150,-1.2150,-1.2150,-1.2150,-1.2150,-1.2150,-1.2150,-1.2150,-1.2150,-1.2150,-1.2150,-1.2150,-1.2150
2025-08-26,-1.8392,-1.8392,-1.8392,-1.8392,-1.8392,-1.8392,NaN,NaN,NaN,NaN,NaN,NaN,NaN,NaN,NaN,NaN,NaN,NaN,NaN,NaN,NaN,NaN,NaN,NaN,NaN,NaN,NaN,NaN,NaN,NaN,1.3740,-1.1760,-1.1760,-1.1760,-1.1760,-1.1760
2025-08-27,1.4332,-1.8603,-1.8603,-1.8603,-1.8603,-1.8603,1.4158,-1.8988,-1.8988,-1.8988,-1.8988,-1.8988,-3.2078,-3.2078,-3.2078,-3.2078,-3.2078,-3.2078,-3.2078,-3.2078,-3.2078,-3.2078,-3.2078,-3.2078,NaN,NaN,NaN,NaN,NaN,NaN,NaN,NaN,NaN,NaN,NaN,NaN
2025-08-28,0.9362,-1.7038,-1.7038,-1.7038,-1.7038,-1.7038,-2.2612,-2.2612,-2.2612,-2.2612,-2.2612,-2.2612,NaN,NaN,NaN,NaN,NaN,NaN,NaN,NaN,NaN,NaN,NaN,NaN,NaN,NaN,NaN,NaN,NaN,NaN,NaN,NaN,NaN,NaN,NaN,NaN
2025-08-29,NaN,NaN,NaN,NaN,NaN,NaN,NaN,NaN,NaN,NaN,NaN,NaN,NaN,NaN,NaN,NaN,NaN,NaN,NaN,NaN,NaN,NaN,NaN,NaN,NaN,NaN,NaN,NaN,NaN,NaN,NaN,NaN,NaN,NaN,NaN,NaN
